babies,Count,Percentage
0,118473,0.9923192897227574
1,900,0.00753831979227741
2,15,0.0001256386632046235
9,1,8.375910880308233e-06
10,1,8.375910880308233e-06
