customer_type,Count,Percentage
Transient,89613,0.7505905017170618
Transient-Party,25124,0.21043638495686406
Contract,4076,0.03414021274813636
Group,577,0.004832900577937851
