deposit_type,Count,Percentage
No Deposit,104641,0.8764636904263339
Non Refund,14587,0.1221794120110562
Refundable,162,0.0013568975626099338
