hotel,Count,Percentage
City Hotel,79330,0.6644610101348521
Resort Hotel,40060,0.33553898986514785
