is_canceled,Count,Percentage
0,75166,0.6295837172292487
1,44224,0.37041628277075134
