is_repeated_guest,Count,Percentage
0,115580,0.9680877795460257
1,3810,0.03191222045397437
