meal,Count,Percentage
BB,92310,0.773180333361253
HB,14463,0.12114079906189798
SC,10650,0.08920345087528268
Undefined,1169,0.009791439819080325
FB,798,0.00668397688248597
