required_car_parking_spaces,Count,Percentage
0,111974,0.9378842449116341
1,7383,0.06183935002931569
2,28,0.00023452550464863055
3,3,2.51277326409247e-05
8,2,1.6751821760616466e-05
