reservation_status,Count,Percentage
Check-Out,75166,0.6295837172292487
Canceled,43017,0.3603065583382193
No-Show,1207,0.010109724432532038
